ds,yhat
2015-07-01,96.33075788895955
2015-07-02,100.03930616189884
2015-07-03,107.47767064552204
2015-07-04,104.93437439050834
2015-07-05,101.70261026283154
2015-07-06,101.92649661644688
2015-07-07,99.5754599871932
2015-07-08,100.8709461870898
2015-07-09,104.72247643213643
2015-07-10,112.2685509468636
2015-07-11,109.80238949329052
2015-07-12,106.62258939495722
2015-07-13,106.87916559274757
2015-07-14,104.54770172005266
2015-07-15,105.85582072015687
2015-07-16,109.71899909336616
2015-07-17,117.281234761928
2015-07-18,114.8405654146149
2015-07-19,111.69952496331237
2015-07-20,112.01100914857658
2015-07-21,109.75228502349691
2015-07-22,111.15135764843272
2015-07-23,115.12272181325767
2015-07-24,122.80801130616202
2015-07-25,120.50154384017802
2015-07-26,117.50084919056948
2015-07-27,117.95265016431203
2015-07-28,115.8270284078167
2015-07-29,117.34398442444652
2015-07-30,121.4094145214973
2015-07-31,129.15601111292693
2015-08-01,126.86907756483352
2015-08-02,123.83733757462831
2015-08-03,124.19920071524261
2015-08-04,121.91720795805378
2015-08-05,123.20485838199478
2015-08-06,126.9628318861387
2015-08-07,134.32010691651232
2015-08-08,131.55995767972516
2015-08-09,127.97090501608179
2015-08-10,127.69307781189092
2015-08-11,124.69270522176383
2015-08-12,125.18893868254919
2015-08-13,128.0900176998577
2015-08-14,134.53427900429676
2015-08-15,130.81599555378136
2015-08-16,126.30268311245455
2015-08-17,125.08153504035772
2015-08-18,121.1333132164038
2015-08-19,120.69229910726179
2015-08-20,122.68212755781444
2015-08-21,128.25645103556374
2015-08-22,123.72442953163642
2015-08-23,118.40113256908748
2015-08-24,116.45332370035116
2015-08-25,111.87336213551025
2015-08-26,110.9054353387968
2015-08-27,112.48115152038719
2015-08-28,117.76000625683065
2015-08-29,113.05472365110685
2015-08-30,107.68156244164021
2015-08-31,105.80606004494541
2015-09-01,101.41695035271871
2015-09-02,100.75246884641126
2015-09-03,102.73607223713353
2015-09-04,108.51708374898259
2015-09-05,104.39626003123793
2015-09-06,99.67636449273658
2015-09-07,98.50821338912964
2015-09-08,94.86492297121892
2015-09-09,94.96856308614272
2015-09-10,97.72623582832055
2015-09-11,104.2710815343757
2015-09-12,100.88819930349402
2015-09-13,96.86555828131193
2015-09-14,96.34035795389458
2015-09-15,93.27355835228732
2015-09-16,93.87677901573298
2015-09-17,97.0442694124863
2015-09-18,103.90700064970821
2015-09-19,100.74575875572631
2015-09-20,96.84641778933235
2015-09-21,96.34629869764598
2015-09-22,93.20864612056519
2015-09-23,93.64942420894756
2015-09-24,96.57344797707871
2015-09-25,103.1153526796169
2015-09-26,99.56539082365737
2015-09-27,95.2201376212212
2015-09-28,94.2285696805724
2015-09-29,90.56624617119309
2015-09-30,90.46180118044133
2015-10-01,92.83277146114386
2015-10-02,98.82626956371558
2015-10-03,94.74449909799499
2015-10-04,89.89519951430435
2015-10-05,88.43749107603603
2015-10-06,84.35585428129185
2015-10-07,83.88645651338346
2015-10-08,85.95285313455445
2015-10-09,91.70657493371897
2015-10-10,87.45259947108393
2015-10-11,82.49979339754334
2015-10-12,81.0067950412997
2015-10-13,76.95606914066822
2015-10-14,76.58034322032789
2015-10-15,78.79844875804247
2015-10-16,84.72089463169459
2015-10-17,80.68106369831895
2015-10-18,75.980316986965
2015-10-19,74.76926612021286
2015-10-20,71.02204159155545
2015-10-21,70.96294052329287
2015-10-22,73.50247177868034
2015-10-23,79.77830078757948
2015-10-24,76.08108213769468
2015-10-25,71.70525783670246
2015-10-26,70.79528192356061
2015-10-27,67.31999546827267
2015-10-28,67.4993545757427
2015-10-29,70.24052876769684
2015-10-30,76.67887238346354
2015-10-31,73.1037580649081
2015-11-01,68.80935190778028
2015-11-02,67.94079321162413
2015-11-03,64.46850559609224
2015-11-04,64.6148451909105
2015-11-05,67.29010660846656
2015-11-06,73.63339279588256
2015-11-07,69.93834128839958
2015-11-08,65.5037897881285
2015-11-09,64.47984712045792
2015-11-10,60.84209914090402
2015-11-11,60.818157710978895
2015-11-12,63.32357540802647
2015-11-13,69.50263352568454
2015-11-14,65.6539968284079
2015-11-15,61.08131840666489
2015-11-16,59.939260607579705
2015-11-17,56.207661074806666
2015-11-18,56.11805106970529
2015-11-19,58.589547455799874
2015-11-20,64.76962436468853
2015-11-21,60.95975630334054
2015-11-22,56.466014276152364
2015-11-23,55.445079150630534
2015-11-24,51.878399675557205
2015-11-25,51.998700908371795
2015-11-26,54.72586330688428
2015-11-27,61.207677730770044
2015-11-28,57.775477222371
2015-11-29,53.70467982607906
2015-11-30,53.150801972369536
2015-12-01,50.0935760368015
2015-12-02,50.76342661522278
2015-12-03,54.07731807072224
2015-12-04,61.179480694462306
2015-12-05,58.367009209437036
2015-12-06,54.94041774887138
2015-12-07,55.04961859619406
2015-12-08,52.66805554254383
2015-12-09,54.01920131657364
2015-12-10,58.01244313632051
2015-12-11,65.78386535267353
2015-12-12,63.621924055461776
2015-12-13,60.818098345103024
2015-12-14,61.512985490340085
2015-12-15,59.67057007427171
2015-12-16,61.504875114950266
2015-12-17,65.91601702360472
2015-12-18,74.03117048424261
2015-12-19,72.13043458629345
2015-12-20,69.49768078830321
2015-12-21,70.2668453147697
2015-12-22,68.39639108753536
2015-12-23,70.09614192539163
2015-12-24,74.26350551358243
2015-12-25,82.02458591206702
2015-12-26,79.66017182486296
2015-12-27,76.45667646689166
2015-12-28,76.55248741237524
2015-12-29,73.91244798215259
2015-12-30,74.75467016597652
2015-12-31,77.98669376921586
2016-01-01,84.74649175853331
2016-01-02,81.3283083225389
2016-01-03,77.03340690438242
2016-01-04,76.01618914816655
2016-01-05,72.25840998786327
2016-01-06,71.99569360609071
2016-01-07,74.15337065596857
2016-01-08,79.8871432813922
2016-01-09,75.50857172517664
2016-01-10,70.33546760019028
2016-01-11,68.53766294124546
2016-01-12,64.11088859449376
2016-01-13,63.302974942075735
2016-01-14,65.1441794839852
2016-01-15,70.7032746316791
2016-01-16,66.29715766704857
2016-01-17,61.24631248563469
2016-01-18,59.72047776187228
2016-01-19,55.71248257735671
2016-01-20,55.464464790526634
2016-01-21,57.903501387851875
2016-01-22,64.18216422769315
2016-01-23,60.603999650544154
2016-01-24,56.47401935432004
2016-01-25,55.94467150511646
2016-01-26,52.99002297597315
2016-01-27,53.832360546044065
2016-01-28,57.37823186376341
2016-01-29,64.75943035865279
2016-01-30,62.25891278018765
2016-01-31,59.16172663972419
2016-02-01,59.60140632765501
2016-02-02,57.534558781081955
2016-02-03,59.167836953162166
2016-02-04,63.394312988662946
2016-02-05,71.33474730377056
2016-02-06,69.26373538382614
2016-02-07,66.46080401231781
2016-02-08,67.05691159355186
2016-02-09,65.00907089672914
2016-02-10,66.5272915615121
2016-02-11,70.5108550236883
2016-02-12,78.08942046501426
2016-02-13,75.54894760237738
2016-02-14,72.18251352892382
2016-02-15,72.13648512777692
2016-02-16,69.38477343181052
2016-02-17,70.15537629639131
2016-02-18,73.33140795893554
2016-02-19,80.09624368745823
2016-02-20,76.75453721481948
2016-02-21,72.61743729417636
2016-02-22,71.84835576455215
2016-02-23,68.43684699070057
2016-02-24,68.62481386605215
2016-02-25,71.3420706108599
2016-02-26,77.746777821233
2016-02-27,74.15075128871702
2016-02-28,69.8697359658863
2016-02-29,69.06911886730347
2016-03-01,65.73781735128583
2016-03-02,66.11455678293541
2016-03-03,69.12356503184229
2016-03-04,75.9151949806968
2016-03-05,72.79147090901816
2016-03-06,69.05664326134826
2016-03-07,68.86321770327177
2016-03-08,66.18618622785667
2016-03-09,67.24966507012218
2016-03-10,70.96295733416198
2016-03-11,78.46154191162063
2016-03-12,76.03297516785595
2016-03-13,72.96778097451147
2016-03-14,73.40578675374469
2016-03-15,71.31062596303275
2016-03-16,72.78019939790585
2016-03-17,76.83213889932026
2016-03-18,84.59571004174727
2016-03-19,82.35419944290334
2016-03-20,79.39583087039581
2016-03-21,79.86007469915421
2016-03-22,77.71207332949821
2016-03-23,79.1693846058229
2016-03-24,83.1380608903284
2016-03-25,90.75356755222445
2016-03-26,88.30653185783571
2016-03-27,85.09340451160693
2016-03-28,85.26250011955321
2016-03-29,82.7881472706197
2016-03-30,83.8971583559613
2016-03-31,87.50464462459549
2016-04-01,94.75468762058469
2016-04-02,91.94586470740849
2016-04-03,88.38171680039864
2016-04-04,88.21662944463596
2016-04-05,85.42986166722125
2016-04-06,86.25193523576368
2016-04-07,89.7461599202166
2016-04-08,96.91206152770478
2016-04-09,94.04819772627586
2016-04-10,90.45695860541565
2016-04-11,90.29056377794147
2016-04-12,87.5252369503082
2016-04-13,88.38776512177748
2016-04-14,91.791463021009
2016-04-15,98.8770472847113
2016-04-16,95.9384099241111
2016-04-17,92.27336979263265
2016-04-18,92.02986284552702
2016-04-19,89.18029466619609
2016-04-20,89.94825667548356
2016-04-21,93.24462163252608
2016-04-22,100.20851882428772
2016-04-23,97.13317539495077
2016-04-24,93.31670053522879
2016-04-25,92.90827248401187
2016-04-26,89.88245215185461
2016-04-27,90.46582627392722
2016-04-28,93.57299829373598
2016-04-29,100.63189030194641
2016-04-30,97.65605039752572
2016-05-01,93.94864063307668
2016-05-02,93.6639781606817
2016-05-03,90.78165622567624
2016-05-04,91.53299504784869
2016-05-05,94.83684724357278
2016-05-06,101.84026804544821
2016-05-07,98.8440471314
2016-05-08,95.15318931595779
2016-05-09,94.9228144292961
2016-05-10,92.13221007779838
2016-05-11,93.01124927812405
2016-05-12,96.47619916272942
2016-05-13,103.6704314179561
2016-05-14,100.89003051385217
2016-05-15,97.43438508812535
2016-05-16,97.45222983389257
2016-05-17,94.91586761219004
2016-05-18,96.04777892708748
2016-05-19,99.75663937128273
2016-05-20,107.17824954414652
2016-05-21,104.65280454892638
2016-05-22,101.42139374609019
2016-05-23,101.62656730725034
2016-05-24,99.23531688657386
2016-05-25,100.46585942403136
2016-05-26,104.22380162255931
2016-05-27,111.64318489673174
2016-05-28,109.01239652114941
2016-05-29,105.6250228571446
2016-05-30,105.62610366391513
2016-05-31,102.9865102677286
2016-06-01,103.92964939516101
2016-06-02,107.36750973018948
2016-06-03,114.44155405020317
2016-06-04,111.44844677153627
2016-06-05,107.69069781401438
2016-06-06,107.32268760540182
2016-06-07,104.32480242988902
2016-06-08,104.92988878502143
2016-06-09,108.05905089318317
2016-06-10,114.86230132878761
2016-06-11,111.64406150788896
2016-06-12,107.7135994722987
2016-06-13,107.23087572373205
2016-06-14,104.11738557434992
2016-06-15,104.67194047568547
2016-06-16,107.81695658743622
2016-06-17,114.7022217000797
2016-06-18,111.63040856693807
2016-06-19,107.90756760521607
2016-06-20,107.6890681110275
2016-06-21,104.95371957000165
2016-06-22,105.93028208100772
2016-06-23,109.53338835351987
2016-06-24,116.9043835594869
2016-06-25,114.33707421426693
2016-06-26,111.1284662148132
2016-06-27,111.4249539653504
2016-06-28,109.19668487629848
2016-06-29,110.66430109313356
2016-06-30,114.7350741016132
2016-07-01,122.54393222500207
2016-07-02,120.37936665841941
2016-07-03,117.53429154124208
2016-07-04,118.15231641126435
2016-07-05,116.20215289097243
2016-07-06,117.90435625415002
2016-07-07,122.03624803188912
2016-07-08,129.86636872876318
2016-07-09,127.68675340318242
2016-07-10,124.79480479468535
2016-07-11,125.33937940063214
2016-07-12,123.29498360612908
2016-07-13,124.88828697930121
2016-07-14,129.0339754700453
2016-07-15,136.87545325246924
2016-07-16,134.71038896283142
2016-07-17,131.84119302855328
2016-07-18,132.4208963885397
2016-07-19,130.42716482242776
2016-07-20,132.08866194970517
2016-07-21,136.3207886946237
2016-07-22,144.2663119685457
2016-07-23,142.22088116123078
2016-07-24,139.48352071240677
2016-07-25,140.2025693189583
2016-07-26,138.34979891227283
2016-07-27,140.14692406595586
2016-07-28,144.50152596915592
2016-07-29,152.42907639319924
2016-07-30,150.33516688429003
2016-07-31,147.50979972025397
2016-08-01,148.09242876489125
2016-08-02,146.04636295093135
2016-08-03,147.5855573882064
2016-08-04,151.61080803960812
2016-08-05,159.250849902712
2016-08-06,156.78834387239914
2016-08-07,153.51082691317814
2016-08-08,153.55708261599727
2016-08-09,150.89165233713882
2016-08-10,151.73168555961138
2016-08-11,154.9831428561542
2016-08-12,161.7818502032845
2016-08-13,158.41939005151013
2016-08-14,154.19390543259527
2016-08-15,153.25627721766685
2016-08-16,149.58439907579947
2016-08-17,149.40975432715362
2016-08-18,151.39644990840227
2016-08-19,156.9525375584947
2016-08-20,152.38496808163706
2016-08-21,147.006911341643
2016-08-22,144.98358711789172
2016-08-23,140.30620502235965
2016-08-24,139.21822630617334
2016-08-25,140.65097570654538
2016-08-26,145.7641170444384
2016-08-27,140.87099272880246
2016-08-28,135.28891759450565
2016-08-29,133.18490035014977
2016-08-30,128.5495290121447
2016-08-31,127.62323469304175
2016-09-01,129.33196198450298
2016-09-02,134.8277582841782
2016-09-03,130.41427944980433
2016-09-04,125.3972980991866
2016-09-05,123.93068250129026
2016-09-06,119.99057602415307
2016-09-07,119.80198419172585
2016-09-08,122.2442629271732
2016-09-09,128.48364499172698
2016-09-10,124.80752684617582
2016-09-11,120.50585978692517
2016-09-12,119.71747148117706
2016-09-13,116.4045662815527
2016-09-14,116.77960377695885
2016-09-15,119.74156901774305
2016-09-16,126.41713245398336
2016-09-17,123.08668351709821
2016-09-18,119.03531190834661
2016-09-19,118.39919378643833
2016-09-20,115.140103832591
2016-09-21,115.47225323411163
2016-09-22,118.29846892402016
2016-09-23,124.75121526147518
2016-09-24,121.11844637256885
2016-09-25,116.69436851745213
2016-09-26,115.62557583506577
2016-09-27,111.88528728225998
2016-09-28,111.69989213450445
2016-09-29,113.98482699722301
2016-09-30,119.96597138535378
2016-10-01,115.86316674722408
2016-10-02,110.98272736168352
2016-10-03,109.4826313789156
2016-10-04,105.34651679629526
2016-10-05,104.81001680199361
2016-10-06,106.79646174620113
2016-10-07,112.45745989859469
2016-10-08,108.098354972453
2016-10-09,103.02864810360286
2016-10-10,101.4078543360848
2016-10-11,97.21952637866134
2016-10-12,96.69765610945569
2016-10-13,98.76247802220699
2016-10-14,104.56118288920574
2016-10-15,100.3935350535981
2016-10-16,95.56247593495917
2016-10-17,94.22017831796431
2016-10-18,90.34227849326786
2016-10-19,90.15449098446845
2016-10-20,92.56862442551402
2016-10-21,98.77054920520077
2016-10-22,95.00486681240115
2016-10-23,90.56683608466167
2016-10-24,89.60154009137165
2016-10-25,86.07825616303148
2016-10-26,86.21718378779283
2016-10-27,88.92554743179264
2016-10-28,95.33857649652512
2016-10-29,91.74535095897116
2016-10-30,87.43959168806714
2016-10-31,86.56585773226564
2016-11-01,83.09387668602274
2016-11-02,83.24521318066475
2016-11-03,85.92929556831125
2016-11-04,92.28430629731942
2016-11-05,88.60292796253937
2016-11-06,84.1830274912659
2016-11-07,83.17374414052135
2016-11-08,79.54971059863547
2016-11-09,79.53761512791746
2016-11-10,82.05212733364665
2016-11-11,88.23669513214804
2016-11-12,84.41149921530541
2016-11-13,79.85718490779011
2016-11-14,78.7277649172164
2016-11-15,75.00249504136211
2016-11-16,74.912393978225
2016-11-17,77.37613624556913
2016-11-18,83.54082457719672
2016-11-19,79.70763388262738
2016-11-20,75.18240863236524
2016-11-21,74.1216781309029
2016-11-22,70.50681725291636
2016-11-23,70.57055848800191
2016-11-24,73.23287555269522
2016-11-25,79.64174373094208
2016-11-26,76.09876816329245
2016-11-27,71.9097614741003
2016-11-28,71.23073515900133
2016-11-29,68.04203271914878
2016-11-30,68.57481125117643
2016-12-01,71.74689304680541
2016-12-02,78.70349405136145
2016-12-03,75.74282242516563
2016-12-04,72.16663088180117
2016-12-05,72.12618968352744
2016-12-06,69.59641081212642
2016-12-07,70.74660254509529
2016-12-08,74.54352823136864
2016-12-09,82.12497844074434
2016-12-10,79.78115123835576
2016-12-11,76.80527564300104
2016-12-12,77.3396758485141
2016-12-13,75.35000682445313
2016-12-14,77.05186992477118
2016-12-15,81.3468311241555
2016-12-16,89.3633488205378
2016-12-17,87.38260346816998
2016-12-18,84.68931060524712
2016-12-19,85.41798089136624
2016-12-20,83.52735326647144
2016-12-21,85.22720494342913
2016-12-22,89.41455565075826
2016-12-23,97.2147677162308
2016-12-24,94.90752891402195
2016-12-25,91.77779446375743
2016-12-26,91.96214694778944
2016-12-27,89.42329589585376
2016-12-28,90.37691702263342
2016-12-29,93.7278455843973
2016-12-30,100.61112339171247
2016-12-31,97.31788534497592
2017-01-01,93.14616189730697
2017-01-02,92.24705734873959
2017-01-03,88.5337311533061
2017-01-04,88.30386982674808
2017-01-05,90.47969998465861
2017-01-06,96.21401592778477
2017-01-07,91.81572979541892
2017-01-08,86.60032464294468
2017-01-09,84.73567804590067
2017-01-10,80.21598835821716
2017-01-11,79.28801531771818
2017-01-12,80.88666224261814
2017-01-13,86.17541290913367
2017-01-14,81.471622979118
2017-01-15,76.0967564878469
2017-01-16,74.22204114151202
2017-01-17,69.84227967348768
2017-01-18,69.20203288927212
2017-01-19,71.23120426960294
2017-01-20,77.08554043872432
2017-01-21,73.07204711474523
2017-01-22,68.49940930734408
2017-01-23,67.52388629135586
2017-01-24,64.12341396150617
2017-01-25,64.52412422716907
2017-01-26,67.6363041454494
2017-01-27,74.59530089377841
2017-01-28,71.68736314916355
2017-01-29,68.20049796489927
2017-01-30,68.27080360870428
2017-01-31,65.85700076459426
2017-02-01,67.16736167040891
2017-02-02,71.0960501758296
2017-02-03,78.76436972989589
2017-02-04,76.5739857210955
2017-02-05,73.67677364248568
2017-02-06,74.20258855201536
2017-02-07,72.10683283571863
2017-02-08,73.59743935404174
2017-02-09,77.57119754071272
2017-02-10,85.15491980009159
2017-02-11,82.63143253228607
2017-02-12,79.29046732304818
2017-02-13,79.27491199554846
2017-02-14,76.55514597481985
2017-02-15,77.35566435685234
2017-02-16,80.5910111451723
2017-02-17,87.40652861460994
2017-02-18,84.10391731030522
2017-02-19,79.99169270253238
2017-02-20,79.23100871428642
2017-02-21,75.80958285862185
2017-02-22,75.96793716819714
2017-02-23,78.63498442510308
2017-02-24,84.96847472154015
2017-02-25,81.28030375326408
2017-02-26,76.88677441260205
2017-02-27,76.12711391626611
2017-02-28,72.81884391768932
2017-03-01,73.20249818879347
2017-03-02,76.2044370503065
2017-03-03,82.97741096657589
2017-03-04,79.82604283746986
2017-03-05,76.05731522910577
2017-03-06,75.82653024289833
2017-03-07,73.11147159557132
2017-03-08,74.13897544326923
2017-03-09,77.8209295489048
2017-03-10,85.29520393909885
2017-03-11,82.85150092862403
2017-03-12,79.78220128951799
2017-03-13,80.22866519730937
2017-03-14,78.15570909453007
2017-03-15,79.77845742641935
2017-03-16,83.9985823160067
2017-03-17,91.94542900157947
2017-03-18,89.90201092617188
2017-03-19,87.15594869253583
2017-03-20,87.84581042324608
2017-03-21,85.93557505277217
2017-03-22,87.96595456403873
2017-03-23,92.51691529966448
2017-03-24,100.72225290102503
2017-03-25,98.87085806082891
2017-03-26,96.25742994357756
2017-03-27,97.02856682841451
2017-03-28,95.1569632613772
2017-03-29,96.86792255181206
2017-03-30,101.07520898329516
2017-03-31,108.92174994350152
2017-04-01,106.70518495129589
2017-04-02,103.72834920319656
2017-04-03,104.14516252077269
2017-04-04,101.93465811536227
2017-04-05,103.32736403192037
2017-04-06,107.2410644658529
2017-04-07,114.82145271450756
2017-04-08,112.36767300693442
2017-04-09,109.18283782068397
2017-04-10,109.4199893257172
2017-04-11,107.05623598888988
2017-04-12,108.31927279556467
2017-04-13,111.95246586696985
2017-04-14,119.26821293762477
2017-04-15,116.56115908463555
2017-04-16,113.12975889080339
2017-04-17,113.12244111761974
2017-04-18,110.51194129936141
2017-04-19,111.52200428505473
2017-04-20,115.06347273940985
2017-04-21,122.27526218409312
2017-04-22,119.4502089916869
2017-04-23,115.88586779360381
2017-04-24,115.7307177842739
2017-04-25,112.95850106645128
2017-04-26,113.79489510646364
2017-04-27,117.15353651580317
2017-04-28,124.17689906502189
2017-04-29,121.16201570710076
2017-04-30,117.41112536633138
2017-05-01,117.07770906204297
2017-05-02,114.14064422782866
2017-05-03,114.79101693708627
2017-05-04,117.98695828330925
2017-05-05,124.8753290644115
2017-05-06,121.75693409507076
2017-05-07,117.93701026046824
2017-05-08,117.57112683756334
2017-05-09,114.63923167267805
2017-05-10,115.37205532079781
2017-05-11,118.68689967558332
2017-05-12,125.72832228954239
2017-05-13,122.79371317376823
2017-05-14,119.18385034036204
2017-05-15,119.04890248100631
2017-05-16,116.36260965973355
2017-05-17,117.34885039124708
2017-05-18,120.91761698763707
2017-05-19,128.20590495216186
2017-05-20,125.50350717573548
2017-05-21,122.10379273372959
2017-05-22,122.14993197398051
2017-05-23,119.60929203604266
2017-05-24,120.70020460458012
2017-05-25,124.32812157951925
2017-05-26,131.62665879938893
2017-05-27,128.8835136617607
2017-05-28,125.39133240953686
2017-05-29,125.29398575287121
2017-05-30,122.56097504988335
2017-05-31,123.41417009967361
2017-06-01,126.76389467656091
2017-06-02,133.74986157711083
2017-06-03,130.666945805628
2017-06-04,126.81587551735723
2017-06-05,126.34930420099545
2017-06-06,123.24599195686746
2017-06-07,123.73730321817025
2017-06-08,126.74304381378988
2017-06-09,133.41214619308298
2017-06-10,130.04819855898836
2017-06-11,125.95990451180357
2017-06-12,125.30694332484266
2017-06-13,122.07396480741568
2017-06-14,122.49693147980383
2017-06-15,125.49883545413984
2017-06-16,132.23030231937742
2017-06-17,128.99508013229448
2017-06-18,125.10050127707898
2017-06-19,124.70338724270628
2017-06-20,121.78412896758304
2017-06-21,122.5731529721066
2017-06-22,125.98679704074839
2017-06-23,133.16810309642523
2017-06-24,130.4125198243073
2017-06-25,127.01859653570459
2017-06-26,127.13413150397776
2017-06-27,124.73050026103354
2017-06-28,126.02936677896123
2017-06-29,129.93879408407798
2017-06-30,137.59425502553256
2017-07-01,135.28452933526714
2017-07-02,132.30256273995985
2017-07-03,132.7917464899355
2017-07-04,130.72033893546555
2017-07-05,132.30822934318743
2017-07-06,136.46305897969788
2017-07-07,144.32119992401132
2017-07-08,142.17357875816973
2017-07-09,139.31642315591472
2017-07-10,139.89739317994957
2017-07-11,137.88982345070815
2017-07-12,139.5192818716734
2017-07-13,143.69946622974695
2017-07-14,151.57294604261222
2017-07-15,149.43674412770352
2017-07-16,146.59284344075493
2017-07-17,147.19408850109684
2017-07-18,145.21821483220307
2017-07-19,146.89421890859524
2017-07-20,151.13809607222782
2017-07-21,159.09345908596165
2017-07-22,157.05703608524698
2017-07-23,154.32913661831054
2017-07-24,155.05955699061747
2017-07-25,153.22165893037595
2017-07-26,155.03883331778047
2017-07-27,159.42037436501096
2017-07-28,167.50227356199534
2017-07-29,165.57292760478566
2017-07-30,162.9238433829166
2017-07-31,163.69580471038591
2017-08-01,161.85322754874073
2017-08-02,163.61090766128046
2017-08-03,167.8701779657902
2017-08-04,175.75997669335436
2017-08-05,173.56281250772008
2017-08-06,170.56570197557227
2017-08-07,170.906536981172
2017-08-08,168.54860254484282
2017-08-09,169.70744367948998
2017-08-10,173.2870943898062
2017-08-11,180.4211670257787
2017-08-12,177.39878660740746
2017-08-13,173.51544538414439
2017-08-14,172.9192365208949
2017-08-15,169.58519006786202
2017-08-16,169.74191388133593
2017-08-17,172.30755786521857
2017-08-18,178.43060610755487
2017-08-19,174.41548882048156
2017-08-20,169.57309737516056
2017-08-21,168.06666987367845
2017-08-22,163.88577925968434
2017-08-23,163.2726355342425
2017-08-24,165.1577291647675
2017-08-25,170.70032856074687
2017-08-26,166.21383118431424
2017-08-27,161.0160583995484
2017-08-28,159.2749672863712
2017-08-29,154.98251601873375
2017-08-30,154.38089766594524
2017-08-31,156.3981714018188
2017-09-01,162.18880444918867
2017-09-02,158.05912332713172
2017-09-03,153.31776207972777
2017-09-04,152.12157692813133
2017-09-05,148.44975890831222
2017-09-06,148.53035319728107
2017-09-07,151.2762070053684
2017-09-08,157.82585149372744
2017-09-09,154.46930786556652
2017-09-10,150.49889656340576
2017-09-11,150.05551017116082
2017-09-12,147.10307287590044
2017-09-13,147.8553868449635
2017-09-14,151.2123796258013
2017-09-15,158.30125102991664
2017-09-16,155.40250360007585
2017-09-17,151.80093063865166
2017-09-18,151.63201865467295
2017-09-19,148.85648463657813
2017-09-20,149.68714740314266
2017-09-21,153.02514738763182
2017-09-22,160.00101489321008
2017-09-23,156.90057376075345
2017-09-24,153.01575844217538
2017-09-25,152.49080639933314
2017-09-26,149.2965521965943
2017-09-27,149.65702922537767
2017-09-28,152.48540063877462
2017-09-29,158.92472709351281
2017-09-30,155.27356593107996
2017-10-01,150.83648740681258
2017-10-02,149.76997722990822
2017-10-03,146.05645866297726
2017-10-04,145.93064636745126
2017-10-05,148.31525903714441
2017-10-06,154.36160297155703
2017-10-07,150.375024767857
2017-10-08,145.66532121101076
2017-10-09,144.39257698322692
2017-10-10,140.54116368109055
2017-10-11,140.34611147406852
2017-10-12,142.7288785569148
2017-10-13,148.83802770384338
2017-10-14,144.97480441228728
2017-10-15,140.44370030573816
2017-10-16,139.39846743212797
2017-10-17,135.81631154343827
2017-10-18,135.9244700324534
2017-10-19,138.63619393295207
2017-10-20,145.09163761853597
2017-10-21,141.58364524465978
2017-10-22,137.40851253328418
2017-10-23,136.71218496696952
2017-10-24,133.46461651766677
2017-10-25,133.88649132202295
2017-10-26,136.88532520369748
2017-10-27,143.59644896873172
2017-10-28,140.30886161824316
2017-10-29,136.31603197331657
2017-10-30,135.76211043337725
2017-10-31,132.6162763486813
2017-11-01,133.0994253955604
2017-11-02,136.12021635976214
2017-11-03,142.81598217865871
2017-11-04,139.4784966151445
2017-11-05,135.404678468461
2017-11-06,134.74269851511178
2017-11-07,131.46621807296378
2017-11-08,131.80096682109652
2017-11-09,134.66068225400767
2017-11-10,141.1879182379414
2017-11-11,137.67971623193378
2017-11-12,133.43822279133173
2017-11-13,132.61671974832998
2017-11-14,129.19379664392864
2017-11-15,129.39987321284949
2017-11-16,132.15309398563525
2017-11-17,138.6001017252777
2017-11-18,135.0416821366067
2017-11-19,130.78336204473203
2017-11-20,129.98142580412662
2017-11-21,126.61707776267521
2017-11-22,126.92295681040359
2017-11-23,129.8190233801701
2017-11-24,136.45332408716655
2017-11-25,133.12762516521155
2017-11-26,129.1479959387044
2017-11-27,128.67080651684267
2017-11-28,125.67686738316957
2017-11-29,126.39791720795776
